SET DEFINE OFF;

Insert into STLUNCH_CATEGORIES (CATEGORY_ID,CATEGORY_NAME) values (1,'Smørrebrød');
Insert into STLUNCH_CATEGORIES (CATEGORY_ID,CATEGORY_NAME) values (2,'Salater');
Insert into STLUNCH_CATEGORIES (CATEGORY_ID,CATEGORY_NAME) values (3,'Bagels');
Insert into STLUNCH_CATEGORIES (CATEGORY_ID,CATEGORY_NAME) values (4,'Sandwiches');
Insert into STLUNCH_CATEGORIES (CATEGORY_ID,CATEGORY_NAME) values (5,'Boller');
Insert into STLUNCH_CATEGORIES (CATEGORY_ID,CATEGORY_NAME) values (6,'Ostemadder');

Insert into STLUNCH_SUPPLIERS (SUPPLIER_ID,SUPPLIER_EMAIL,SUPPLIER_NAME,SUPPLIER_PHONE) values (10,'slagterjohnoglise@live.dk','Slagter Lise og John','43990134');
Insert into STLUNCH_SUPPLIERS (SUPPLIER_ID,SUPPLIER_EMAIL,SUPPLIER_NAME,SUPPLIER_PHONE) values (11,'kontakt@coffee-sandwich.dk','Coffee & Sandwich','43432630');
Insert into STLUNCH_SUPPLIERS (SUPPLIER_ID,SUPPLIER_EMAIL,SUPPLIER_NAME,SUPPLIER_PHONE) values (12,'ibrahimelhaj@hotmail.com','Bagels n'' Cream','43121448');

Insert into STLUNCH_USERS (USER_ID,USER_EMAIL,USER_NAME,ADMINISTRATOR_YN,PASSWD_SALT,PASSWD_ENC,INACTIVE_YN) values (50,'helle.bohn@scott-tiger.dk','Helle Wittendorff Bohn','Y',null,'nisse',null);
Insert into STLUNCH_USERS (USER_ID,USER_EMAIL,USER_NAME,ADMINISTRATOR_YN,PASSWD_SALT,PASSWD_ENC,INACTIVE_YN) values (51,'maria.kragh@scott-tiger.dk','Maria Kragh','Y',null,'nisse',null);
Insert into STLUNCH_USERS (USER_ID,USER_EMAIL,USER_NAME,ADMINISTRATOR_YN,PASSWD_SALT,PASSWD_ENC,INACTIVE_YN) values (52,'pia.molgaard@scott-tiger.dk','Pia Mølgaard Sørensen','Y',null,'nisse',null);
Insert into STLUNCH_USERS (USER_ID,USER_EMAIL,USER_NAME,ADMINISTRATOR_YN,PASSWD_SALT,PASSWD_ENC,INACTIVE_YN) values (53,'lykke.luimes@scott-tiger.dk','Lykke Luimes','Y',null,'nisse',null);
Insert into STLUNCH_USERS (USER_ID,USER_EMAIL,USER_NAME,ADMINISTRATOR_YN,PASSWD_SALT,PASSWD_ENC,INACTIVE_YN) values (54,'torben.bolvig@scott-tiger.dk','Torben Bolvig','N',null,'nisse',null);
Insert into STLUNCH_USERS (USER_ID,USER_EMAIL,USER_NAME,ADMINISTRATOR_YN,PASSWD_SALT,PASSWD_ENC,INACTIVE_YN) values (55,'tom.slivsgaard@scott-tiger.dk','Tom Slivsgaard','N',null,'nisse',null);
Insert into STLUNCH_USERS (USER_ID,USER_EMAIL,USER_NAME,ADMINISTRATOR_YN,PASSWD_SALT,PASSWD_ENC,INACTIVE_YN) values (56,'maria.daugaard@scott-tiger.dk','Maria Daugaard','N',null,'nisse',null);
Insert into STLUNCH_USERS (USER_ID,USER_EMAIL,USER_NAME,ADMINISTRATOR_YN,PASSWD_SALT,PASSWD_ENC,INACTIVE_YN) values (57,'ole.kramer@scott-tiger.dk','Ole Kramer','N',null,'nisse',null);
Insert into STLUNCH_USERS (USER_ID,USER_EMAIL,USER_NAME,ADMINISTRATOR_YN,PASSWD_SALT,PASSWD_ENC,INACTIVE_YN) values (58,'kristian.hansen@scott-tiger.dk','Kristian Hansen','N',null,'nisse',null);
Insert into STLUNCH_USERS (USER_ID,USER_EMAIL,USER_NAME,ADMINISTRATOR_YN,PASSWD_SALT,PASSWD_ENC,INACTIVE_YN) values (59,'jeanette.hansen@scott-tiger.dk','Jeanette Hansen','N',null,'nisse',null);
Insert into STLUNCH_USERS (USER_ID,USER_EMAIL,USER_NAME,ADMINISTRATOR_YN,PASSWD_SALT,PASSWD_ENC,INACTIVE_YN) values (60,'ole.thomsen@scott-tiger.dk','Ole Thomsen','N',null,'nisse',null);
Insert into STLUNCH_USERS (USER_ID,USER_EMAIL,USER_NAME,ADMINISTRATOR_YN,PASSWD_SALT,PASSWD_ENC,INACTIVE_YN) values (61,'lars.baad@scott-tiger.dk','Lars Baad-Jensen','N',null,'nisse',null);
Insert into STLUNCH_USERS (USER_ID,USER_EMAIL,USER_NAME,ADMINISTRATOR_YN,PASSWD_SALT,PASSWD_ENC,INACTIVE_YN) values (62,'brian.peersen@scott-tiger.dk','Brian Pedersen','N',null,'nisse',null);
Insert into STLUNCH_USERS (USER_ID,USER_EMAIL,USER_NAME,ADMINISTRATOR_YN,PASSWD_SALT,PASSWD_ENC,INACTIVE_YN) values (63,'martin.vegeberg@scott-tiger.dk','Martin Vegeberg Nielsen','N',null,'nisse',null);
Insert into STLUNCH_USERS (USER_ID,USER_EMAIL,USER_NAME,ADMINISTRATOR_YN,PASSWD_SALT,PASSWD_ENC,INACTIVE_YN) values (64,'andreas.nielsen@scott-tiger.dk','Andreas Lund Nielsen','N',null,'nisse',null);
Insert into STLUNCH_USERS (USER_ID,USER_EMAIL,USER_NAME,ADMINISTRATOR_YN,PASSWD_SALT,PASSWD_ENC,INACTIVE_YN) values (65,'erling.friis.egelund@scott-tiger.dk','Erling Friis Egelund','N',null,'nisse',null);
Insert into STLUNCH_USERS (USER_ID,USER_EMAIL,USER_NAME,ADMINISTRATOR_YN,PASSWD_SALT,PASSWD_ENC,INACTIVE_YN) values (66,'rene.johansen@scott-tiger.dk','Rene Johansen','N',null,'nisse',null);
Insert into STLUNCH_USERS (USER_ID,USER_EMAIL,USER_NAME,ADMINISTRATOR_YN,PASSWD_SALT,PASSWD_ENC,INACTIVE_YN) values (67,'mickael.eriksson@scott-tiger.dk','Mickael Eriksson','N',null,'nisse',null);
Insert into STLUNCH_USERS (USER_ID,USER_EMAIL,USER_NAME,ADMINISTRATOR_YN,PASSWD_SALT,PASSWD_ENC,INACTIVE_YN) values (68,'morten.borges@scott-tiger.dk','Morten Borges','N',null,'nisse',null);
Insert into STLUNCH_USERS (USER_ID,USER_EMAIL,USER_NAME,ADMINISTRATOR_YN,PASSWD_SALT,PASSWD_ENC,INACTIVE_YN) values (69,'peter.roboz@scott-tiger.dk','Peter Roboz','N',null,'nisse',null);
Insert into STLUNCH_USERS (USER_ID,USER_EMAIL,USER_NAME,ADMINISTRATOR_YN,PASSWD_SALT,PASSWD_ENC,INACTIVE_YN) values (70,'mats.norreby@scott-tiger.dk','Mats Norreby','N',null,'nisse',null);
Insert into STLUNCH_USERS (USER_ID,USER_EMAIL,USER_NAME,ADMINISTRATOR_YN,PASSWD_SALT,PASSWD_ENC,INACTIVE_YN) values (71,'peter.gjelstrup@scott-tiger.dk','Peter Gjelstrup','N',null,'nisse',null);

DROP SEQUENCE stlunch_seq;
CREATE SEQUENCE stlunch_seq START WITH 100;

-- Slagterens smørrebørd
Insert into STLUNCH_SUPPLIER_MENUS (SUPPLIER_MENU_ID,SUPPLIER_ID,CATEGORY_ID,DESCRIPTION,PRICE,MENU_NAME) values (stlunch_seq.nextval,10,1,null,13,'Dyrlægens natmad');
Insert into STLUNCH_SUPPLIER_MENUS (SUPPLIER_MENU_ID,SUPPLIER_ID,CATEGORY_ID,DESCRIPTION,PRICE,MENU_NAME) values (stlunch_seq.nextval,10,1,null,13,'Filet med røræg');
Insert into STLUNCH_SUPPLIER_MENUS (SUPPLIER_MENU_ID,SUPPLIER_ID,CATEGORY_ID,DESCRIPTION,PRICE,MENU_NAME) values (stlunch_seq.nextval,10,1,null,15,'Fint hakket skinkesalat');
Insert into STLUNCH_SUPPLIER_MENUS (SUPPLIER_MENU_ID,SUPPLIER_ID,CATEGORY_ID,DESCRIPTION,PRICE,MENU_NAME) values (stlunch_seq.nextval,10,1,null,39,'Fiskefilet med rejer');
Insert into STLUNCH_SUPPLIER_MENUS (SUPPLIER_MENU_ID,SUPPLIER_ID,CATEGORY_ID,DESCRIPTION,PRICE,MENU_NAME) values (stlunch_seq.nextval,10,1,null,13,'Fiskefilet med remoulade');
Insert into STLUNCH_SUPPLIER_MENUS (SUPPLIER_MENU_ID,SUPPLIER_ID,CATEGORY_ID,DESCRIPTION,PRICE,MENU_NAME) values (stlunch_seq.nextval,10,1,null,13,'Flæskesteg med rødkål og surt');
Insert into STLUNCH_SUPPLIER_MENUS (SUPPLIER_MENU_ID,SUPPLIER_ID,CATEGORY_ID,DESCRIPTION,PRICE,MENU_NAME) values (stlunch_seq.nextval,10,1,null,13,'Frikadelle med rødkål og surt');
Insert into STLUNCH_SUPPLIER_MENUS (SUPPLIER_MENU_ID,SUPPLIER_ID,CATEGORY_ID,DESCRIPTION,PRICE,MENU_NAME) values (stlunch_seq.nextval,10,1,null,15,'Grov skinkesalat');
Insert into STLUNCH_SUPPLIER_MENUS (SUPPLIER_MENU_ID,SUPPLIER_ID,CATEGORY_ID,DESCRIPTION,PRICE,MENU_NAME) values (stlunch_seq.nextval,10,1,null,29,'Hakkebøf med bløde løg og surt');
Insert into STLUNCH_SUPPLIER_MENUS (SUPPLIER_MENU_ID,SUPPLIER_ID,CATEGORY_ID,DESCRIPTION,PRICE,MENU_NAME) values (stlunch_seq.nextval,10,1,null,18,'Hakkebøf med rødbede og surt');
Insert into STLUNCH_SUPPLIER_MENUS (SUPPLIER_MENU_ID,SUPPLIER_ID,CATEGORY_ID,DESCRIPTION,PRICE,MENU_NAME) values (stlunch_seq.nextval,10,1,null,39,'Hakkebøf med spejlæg');
Insert into STLUNCH_SUPPLIER_MENUS (SUPPLIER_MENU_ID,SUPPLIER_ID,CATEGORY_ID,DESCRIPTION,PRICE,MENU_NAME) values (stlunch_seq.nextval,10,1,null,33,'Hønsesalat på franskbrød');
Insert into STLUNCH_SUPPLIER_MENUS (SUPPLIER_MENU_ID,SUPPLIER_ID,CATEGORY_ID,DESCRIPTION,PRICE,MENU_NAME) values (stlunch_seq.nextval,10,1,null,13,'Kalkunbryst md italiensk salat');
Insert into STLUNCH_SUPPLIER_MENUS (SUPPLIER_MENU_ID,SUPPLIER_ID,CATEGORY_ID,DESCRIPTION,PRICE,MENU_NAME) values (stlunch_seq.nextval,10,1,null,13,'Kalkunbryst med karrydressing og bacon');
Insert into STLUNCH_SUPPLIER_MENUS (SUPPLIER_MENU_ID,SUPPLIER_ID,CATEGORY_ID,DESCRIPTION,PRICE,MENU_NAME) values (stlunch_seq.nextval,10,1,null,13,'Kartoffel med ristede løg');
Insert into STLUNCH_SUPPLIER_MENUS (SUPPLIER_MENU_ID,SUPPLIER_ID,CATEGORY_ID,DESCRIPTION,PRICE,MENU_NAME) values (stlunch_seq.nextval,10,1,null,13,'Kartoffel med rå løg');
Insert into STLUNCH_SUPPLIER_MENUS (SUPPLIER_MENU_ID,SUPPLIER_ID,CATEGORY_ID,DESCRIPTION,PRICE,MENU_NAME) values (stlunch_seq.nextval,10,1,null,33,'Krabbesalat på franskbrød');
Insert into STLUNCH_SUPPLIER_MENUS (SUPPLIER_MENU_ID,SUPPLIER_ID,CATEGORY_ID,DESCRIPTION,PRICE,MENU_NAME) values (stlunch_seq.nextval,10,1,null,13,'Krydder rulle pølse med sky og løg');
Insert into STLUNCH_SUPPLIER_MENUS (SUPPLIER_MENU_ID,SUPPLIER_ID,CATEGORY_ID,DESCRIPTION,PRICE,MENU_NAME) values (stlunch_seq.nextval,10,1,null,13,'Kødpølse med remoulade og ristede løg');
Insert into STLUNCH_SUPPLIER_MENUS (SUPPLIER_MENU_ID,SUPPLIER_ID,CATEGORY_ID,DESCRIPTION,PRICE,MENU_NAME) values (stlunch_seq.nextval,10,1,null,13,'Levepostej med rødbede og surt');
Insert into STLUNCH_SUPPLIER_MENUS (SUPPLIER_MENU_ID,SUPPLIER_ID,CATEGORY_ID,DESCRIPTION,PRICE,MENU_NAME) values (stlunch_seq.nextval,10,1,null,13,'Makrelsalat');
Insert into STLUNCH_SUPPLIER_MENUS (SUPPLIER_MENU_ID,SUPPLIER_ID,CATEGORY_ID,DESCRIPTION,PRICE,MENU_NAME) values (stlunch_seq.nextval,10,1,null,39,'Mørbrad med bløde løg og surt');
Insert into STLUNCH_SUPPLIER_MENUS (SUPPLIER_MENU_ID,SUPPLIER_ID,CATEGORY_ID,DESCRIPTION,PRICE,MENU_NAME) values (stlunch_seq.nextval,10,1,null,13,'Oksebryst med pickles');
Insert into STLUNCH_SUPPLIER_MENUS (SUPPLIER_MENU_ID,SUPPLIER_ID,CATEGORY_ID,DESCRIPTION,PRICE,MENU_NAME) values (stlunch_seq.nextval,10,1,null,49,'Pariserbøf med tilbehør');
Insert into STLUNCH_SUPPLIER_MENUS (SUPPLIER_MENU_ID,SUPPLIER_ID,CATEGORY_ID,DESCRIPTION,PRICE,MENU_NAME) values (stlunch_seq.nextval,10,1,null,35,'Rejer på franskbrød');
Insert into STLUNCH_SUPPLIER_MENUS (SUPPLIER_MENU_ID,SUPPLIER_ID,CATEGORY_ID,DESCRIPTION,PRICE,MENU_NAME) values (stlunch_seq.nextval,10,1,null,33,'Rejesalat på franskbrød');
Insert into STLUNCH_SUPPLIER_MENUS (SUPPLIER_MENU_ID,SUPPLIER_ID,CATEGORY_ID,DESCRIPTION,PRICE,MENU_NAME) values (stlunch_seq.nextval,10,1,null,13,'Roastbeef med remoulade og ristede løg');
Insert into STLUNCH_SUPPLIER_MENUS (SUPPLIER_MENU_ID,SUPPLIER_ID,CATEGORY_ID,DESCRIPTION,PRICE,MENU_NAME) values (stlunch_seq.nextval,10,1,null,45,'Røget ål');
Insert into STLUNCH_SUPPLIER_MENUS (SUPPLIER_MENU_ID,SUPPLIER_ID,CATEGORY_ID,DESCRIPTION,PRICE,MENU_NAME) values (stlunch_seq.nextval,10,1,null,49,'Røget/Graved laks');
Insert into STLUNCH_SUPPLIER_MENUS (SUPPLIER_MENU_ID,SUPPLIER_ID,CATEGORY_ID,DESCRIPTION,PRICE,MENU_NAME) values (stlunch_seq.nextval,10,1,null,15,'Skinke med italiensk');
Insert into STLUNCH_SUPPLIER_MENUS (SUPPLIER_MENU_ID,SUPPLIER_ID,CATEGORY_ID,DESCRIPTION,PRICE,MENU_NAME) values (stlunch_seq.nextval,10,1,null,15,'Sommeresalat');
Insert into STLUNCH_SUPPLIER_MENUS (SUPPLIER_MENU_ID,SUPPLIER_ID,CATEGORY_ID,DESCRIPTION,PRICE,MENU_NAME) values (stlunch_seq.nextval,10,1,null,13,'Spegepølse med sky og rå løg');
Insert into STLUNCH_SUPPLIER_MENUS (SUPPLIER_MENU_ID,SUPPLIER_ID,CATEGORY_ID,DESCRIPTION,PRICE,MENU_NAME) values (stlunch_seq.nextval,10,1,null,29,'Stegt lever med bløde løg og surt');
Insert into STLUNCH_SUPPLIER_MENUS (SUPPLIER_MENU_ID,SUPPLIER_ID,CATEGORY_ID,DESCRIPTION,PRICE,MENU_NAME) values (stlunch_seq.nextval,10,1,null,13,'Stegt rullepølse med rødkål og surt');
Insert into STLUNCH_SUPPLIER_MENUS (SUPPLIER_MENU_ID,SUPPLIER_ID,CATEGORY_ID,DESCRIPTION,PRICE,MENU_NAME) values (stlunch_seq.nextval,10,1,null,59,'Stjerneskud');
Insert into STLUNCH_SUPPLIER_MENUS (SUPPLIER_MENU_ID,SUPPLIER_ID,CATEGORY_ID,DESCRIPTION,PRICE,MENU_NAME) values (stlunch_seq.nextval,10,1,null,45,'Tatar');
Insert into STLUNCH_SUPPLIER_MENUS (SUPPLIER_MENU_ID,SUPPLIER_ID,CATEGORY_ID,DESCRIPTION,PRICE,MENU_NAME) values (stlunch_seq.nextval,10,1,null,13,'Tomat med mayonnise og rå løg');
Insert into STLUNCH_SUPPLIER_MENUS (SUPPLIER_MENU_ID,SUPPLIER_ID,CATEGORY_ID,DESCRIPTION,PRICE,MENU_NAME) values (stlunch_seq.nextval,10,1,null,13,'Tunge med peberrodssalat');
Insert into STLUNCH_SUPPLIER_MENUS (SUPPLIER_MENU_ID,SUPPLIER_ID,CATEGORY_ID,DESCRIPTION,PRICE,MENU_NAME) values (stlunch_seq.nextval,10,1,null,15,'Tunsalat');
Insert into STLUNCH_SUPPLIER_MENUS (SUPPLIER_MENU_ID,SUPPLIER_ID,CATEGORY_ID,DESCRIPTION,PRICE,MENU_NAME) values (stlunch_seq.nextval,10,1,null,15,'Wienersalat');
Insert into STLUNCH_SUPPLIER_MENUS (SUPPLIER_MENU_ID,SUPPLIER_ID,CATEGORY_ID,DESCRIPTION,PRICE,MENU_NAME) values (stlunch_seq.nextval,10,1,null,15,'Æg med karrysalat');
Insert into STLUNCH_SUPPLIER_MENUS (SUPPLIER_MENU_ID,SUPPLIER_ID,CATEGORY_ID,DESCRIPTION,PRICE,MENU_NAME) values (stlunch_seq.nextval,10,1,null,15,'Æg med rejer');
Insert into STLUNCH_SUPPLIER_MENUS (SUPPLIER_MENU_ID,SUPPLIER_ID,CATEGORY_ID,DESCRIPTION,PRICE,MENU_NAME) values (stlunch_seq.nextval,10,1,null,15,'Æg med sild');
Insert into STLUNCH_SUPPLIER_MENUS (SUPPLIER_MENU_ID,SUPPLIER_ID,CATEGORY_ID,DESCRIPTION,PRICE,MENU_NAME) values (stlunch_seq.nextval,10,1,null,15,'Æg med tomat');
Insert into STLUNCH_SUPPLIER_MENUS (SUPPLIER_MENU_ID,SUPPLIER_ID,CATEGORY_ID,DESCRIPTION,PRICE,MENU_NAME) values (stlunch_seq.nextval,10,1,null,15,'Æggesalat');
Insert into STLUNCH_SUPPLIER_MENUS (SUPPLIER_MENU_ID,SUPPLIER_ID,CATEGORY_ID,DESCRIPTION,PRICE,MENU_NAME) values (stlunch_seq.nextval,10,1,null,25,'Dyrlægens natmad');
Insert into STLUNCH_SUPPLIER_MENUS (SUPPLIER_MENU_ID,SUPPLIER_ID,CATEGORY_ID,DESCRIPTION,PRICE,MENU_NAME) values (stlunch_seq.nextval,10,1,null,25,'Filet med røræg');
Insert into STLUNCH_SUPPLIER_MENUS (SUPPLIER_MENU_ID,SUPPLIER_ID,CATEGORY_ID,DESCRIPTION,PRICE,MENU_NAME) values (stlunch_seq.nextval,10,1,null,26,'Fint hakket skinkesalat');
Insert into STLUNCH_SUPPLIER_MENUS (SUPPLIER_MENU_ID,SUPPLIER_ID,CATEGORY_ID,DESCRIPTION,PRICE,MENU_NAME) values (stlunch_seq.nextval,10,1,null,33,'Fiskefilet med remoulade');
Insert into STLUNCH_SUPPLIER_MENUS (SUPPLIER_MENU_ID,SUPPLIER_ID,CATEGORY_ID,DESCRIPTION,PRICE,MENU_NAME) values (stlunch_seq.nextval,10,1,null,25,'Flæskesteg med rødkål og surt');
Insert into STLUNCH_SUPPLIER_MENUS (SUPPLIER_MENU_ID,SUPPLIER_ID,CATEGORY_ID,DESCRIPTION,PRICE,MENU_NAME) values (stlunch_seq.nextval,10,1,null,25,'Frikadelle med rødkål og surt');
Insert into STLUNCH_SUPPLIER_MENUS (SUPPLIER_MENU_ID,SUPPLIER_ID,CATEGORY_ID,DESCRIPTION,PRICE,MENU_NAME) values (stlunch_seq.nextval,10,1,null,26,'Grov skinkesalat');
Insert into STLUNCH_SUPPLIER_MENUS (SUPPLIER_MENU_ID,SUPPLIER_ID,CATEGORY_ID,DESCRIPTION,PRICE,MENU_NAME) values (stlunch_seq.nextval,10,1,null,25,'Hakkebøf med rødbede og surt');
Insert into STLUNCH_SUPPLIER_MENUS (SUPPLIER_MENU_ID,SUPPLIER_ID,CATEGORY_ID,DESCRIPTION,PRICE,MENU_NAME) values (stlunch_seq.nextval,10,1,null,25,'Kalkunbryst md italiensk salat');
Insert into STLUNCH_SUPPLIER_MENUS (SUPPLIER_MENU_ID,SUPPLIER_ID,CATEGORY_ID,DESCRIPTION,PRICE,MENU_NAME) values (stlunch_seq.nextval,10,1,null,25,'Kalkunbryst med karrydressing og bacon');
Insert into STLUNCH_SUPPLIER_MENUS (SUPPLIER_MENU_ID,SUPPLIER_ID,CATEGORY_ID,DESCRIPTION,PRICE,MENU_NAME) values (stlunch_seq.nextval,10,1,null,25,'Kartoffel med ristede løg');
Insert into STLUNCH_SUPPLIER_MENUS (SUPPLIER_MENU_ID,SUPPLIER_ID,CATEGORY_ID,DESCRIPTION,PRICE,MENU_NAME) values (stlunch_seq.nextval,10,1,null,25,'Kartoffel med rå løg');
Insert into STLUNCH_SUPPLIER_MENUS (SUPPLIER_MENU_ID,SUPPLIER_ID,CATEGORY_ID,DESCRIPTION,PRICE,MENU_NAME) values (stlunch_seq.nextval,10,1,null,25,'Krydder rulle pølse med sky og løg');
Insert into STLUNCH_SUPPLIER_MENUS (SUPPLIER_MENU_ID,SUPPLIER_ID,CATEGORY_ID,DESCRIPTION,PRICE,MENU_NAME) values (stlunch_seq.nextval,10,1,null,25,'Kødpølse med remoulade og ristede løg');
Insert into STLUNCH_SUPPLIER_MENUS (SUPPLIER_MENU_ID,SUPPLIER_ID,CATEGORY_ID,DESCRIPTION,PRICE,MENU_NAME) values (stlunch_seq.nextval,10,1,null,25,'Levepostej med rødbede og surt');
Insert into STLUNCH_SUPPLIER_MENUS (SUPPLIER_MENU_ID,SUPPLIER_ID,CATEGORY_ID,DESCRIPTION,PRICE,MENU_NAME) values (stlunch_seq.nextval,10,1,null,25,'Makrelsalat');
Insert into STLUNCH_SUPPLIER_MENUS (SUPPLIER_MENU_ID,SUPPLIER_ID,CATEGORY_ID,DESCRIPTION,PRICE,MENU_NAME) values (stlunch_seq.nextval,10,1,null,25,'Oksebryst med pickles');
Insert into STLUNCH_SUPPLIER_MENUS (SUPPLIER_MENU_ID,SUPPLIER_ID,CATEGORY_ID,DESCRIPTION,PRICE,MENU_NAME) values (stlunch_seq.nextval,10,1,null,25,'Roastbeef med remoulade og ristede løg');
Insert into STLUNCH_SUPPLIER_MENUS (SUPPLIER_MENU_ID,SUPPLIER_ID,CATEGORY_ID,DESCRIPTION,PRICE,MENU_NAME) values (stlunch_seq.nextval,10,1,null,26,'Skinke med italiensk');
Insert into STLUNCH_SUPPLIER_MENUS (SUPPLIER_MENU_ID,SUPPLIER_ID,CATEGORY_ID,DESCRIPTION,PRICE,MENU_NAME) values (stlunch_seq.nextval,10,1,null,26,'Sommeresalat');
Insert into STLUNCH_SUPPLIER_MENUS (SUPPLIER_MENU_ID,SUPPLIER_ID,CATEGORY_ID,DESCRIPTION,PRICE,MENU_NAME) values (stlunch_seq.nextval,10,1,null,25,'Spegepølse med sky og rå løg');
Insert into STLUNCH_SUPPLIER_MENUS (SUPPLIER_MENU_ID,SUPPLIER_ID,CATEGORY_ID,DESCRIPTION,PRICE,MENU_NAME) values (stlunch_seq.nextval,10,1,null,25,'Stegt rullepølse med rødkål og surt');
Insert into STLUNCH_SUPPLIER_MENUS (SUPPLIER_MENU_ID,SUPPLIER_ID,CATEGORY_ID,DESCRIPTION,PRICE,MENU_NAME) values (stlunch_seq.nextval,10,1,null,25,'Tomat med mayonnise og rå løg');
Insert into STLUNCH_SUPPLIER_MENUS (SUPPLIER_MENU_ID,SUPPLIER_ID,CATEGORY_ID,DESCRIPTION,PRICE,MENU_NAME) values (stlunch_seq.nextval,10,1,null,25,'Tunge med peberrodssalat');
Insert into STLUNCH_SUPPLIER_MENUS (SUPPLIER_MENU_ID,SUPPLIER_ID,CATEGORY_ID,DESCRIPTION,PRICE,MENU_NAME) values (stlunch_seq.nextval,10,1,null,26,'Tunsalat');
Insert into STLUNCH_SUPPLIER_MENUS (SUPPLIER_MENU_ID,SUPPLIER_ID,CATEGORY_ID,DESCRIPTION,PRICE,MENU_NAME) values (stlunch_seq.nextval,10,1,null,26,'Wienersalat');
Insert into STLUNCH_SUPPLIER_MENUS (SUPPLIER_MENU_ID,SUPPLIER_ID,CATEGORY_ID,DESCRIPTION,PRICE,MENU_NAME) values (stlunch_seq.nextval,10,1,null,26,'Æg med karrysalat');
Insert into STLUNCH_SUPPLIER_MENUS (SUPPLIER_MENU_ID,SUPPLIER_ID,CATEGORY_ID,DESCRIPTION,PRICE,MENU_NAME) values (stlunch_seq.nextval,10,1,null,26,'Æg med rejer');
Insert into STLUNCH_SUPPLIER_MENUS (SUPPLIER_MENU_ID,SUPPLIER_ID,CATEGORY_ID,DESCRIPTION,PRICE,MENU_NAME) values (stlunch_seq.nextval,10,1,null,26,'Æg med sild');
Insert into STLUNCH_SUPPLIER_MENUS (SUPPLIER_MENU_ID,SUPPLIER_ID,CATEGORY_ID,DESCRIPTION,PRICE,MENU_NAME) values (stlunch_seq.nextval,10,1,null,26,'Æg med tomat');
Insert into STLUNCH_SUPPLIER_MENUS (SUPPLIER_MENU_ID,SUPPLIER_ID,CATEGORY_ID,DESCRIPTION,PRICE,MENU_NAME) values (stlunch_seq.nextval,10,1,null,26,'Æggesalat');

-- Slagterens salater
declare
  l_id stlunch_supplier_menus.supplier_menu_id%type;
begin 
  Insert into STLUNCH_SUPPLIER_MENUS (SUPPLIER_MENU_ID,SUPPLIER_ID,CATEGORY_ID,DESCRIPTION,PRICE,MENU_NAME) values (stlunch_seq.nextval,10,2,null,25,'Grøn salat uden kød');
  Insert into STLUNCH_SUPPLIER_MENUS (SUPPLIER_MENU_ID,SUPPLIER_ID,CATEGORY_ID,DESCRIPTION,PRICE,MENU_NAME) values (stlunch_seq.nextval,10,2,null,26,'Pastasalat uden kød');
  Insert into STLUNCH_SUPPLIER_MENUS (SUPPLIER_MENU_ID,SUPPLIER_ID,CATEGORY_ID,DESCRIPTION,PRICE,MENU_NAME) values (stlunch_seq.nextval,10,2,null,35,'Grøn salat med kød') returning supplier_menu_id into l_id;
  Insert into STLUNCH_MENU_OPTIONS (MENU_OPTION_ID,SUPPLIER_MENU_ID,DESCRIPTION,MANDATORY_YN,MULTIPLE_YN,ADDITIONAL_PRICE,SELECTABLES) values (stlunch_seq.nextval,l_id,'Kød','Y','N',null,'Kylling'||chr(10)||'Skinke'||chr(10)||'Tun');
  Insert into STLUNCH_SUPPLIER_MENUS (SUPPLIER_MENU_ID,SUPPLIER_ID,CATEGORY_ID,DESCRIPTION,PRICE,MENU_NAME) values (stlunch_seq.nextval,10,2,null,30,'Pastasalat med kød') returning supplier_menu_id into l_id;
  Insert into STLUNCH_MENU_OPTIONS (MENU_OPTION_ID,SUPPLIER_MENU_ID,DESCRIPTION,MANDATORY_YN,MULTIPLE_YN,ADDITIONAL_PRICE,SELECTABLES) values (stlunch_seq.nextval,l_id,'Kød','Y','N',null,'Kylling'||chr(10)||'Skinke'||chr(10)||'Tun');
end;
/

-- Slagterens boller
Insert into STLUNCH_SUPPLIER_MENUS (SUPPLIER_MENU_ID,SUPPLIER_ID,CATEGORY_ID,DESCRIPTION,PRICE,MENU_NAME) values (stlunch_seq.nextval,10,5,null,18,'Almindelig trekant sandwich med pålæg');
Insert into STLUNCH_SUPPLIER_MENUS (SUPPLIER_MENU_ID,SUPPLIER_ID,CATEGORY_ID,DESCRIPTION,PRICE,MENU_NAME) values (stlunch_seq.nextval,10,5,null,35,'Bolle med pålæg');
Insert into STLUNCH_SUPPLIER_MENUS (SUPPLIER_MENU_ID,SUPPLIER_ID,CATEGORY_ID,DESCRIPTION,PRICE,MENU_NAME) values (stlunch_seq.nextval,10,5,null,40,'Bolle med salat');
Insert into STLUNCH_SUPPLIER_MENUS (SUPPLIER_MENU_ID,SUPPLIER_ID,CATEGORY_ID,DESCRIPTION,PRICE,MENU_NAME) values (stlunch_seq.nextval,10,5,null,20,'Dobbel trekant sandwich med pålæg');
Insert into STLUNCH_SUPPLIER_MENUS (SUPPLIER_MENU_ID,SUPPLIER_ID,CATEGORY_ID,DESCRIPTION,PRICE,MENU_NAME) values (stlunch_seq.nextval,10,5,null,15,'Rugbrød snitter med pålæg');
declare
  l_id stlunch_supplier_menus.supplier_menu_id%type;
begin 
  Insert into STLUNCH_SUPPLIER_MENUS (SUPPLIER_MENU_ID,SUPPLIER_ID,CATEGORY_ID,DESCRIPTION,PRICE,MENU_NAME) values (stlunch_seq.nextval,10,5,null,35,'Bolle') returning supplier_menu_id into l_id;
  Insert into STLUNCH_MENU_OPTIONS (MENU_OPTION_ID,SUPPLIER_MENU_ID,DESCRIPTION,MANDATORY_YN,MULTIPLE_YN,ADDITIONAL_PRICE,SELECTABLES) values (stlunch_seq.nextval, l_id, 'Fyld','Y','N',null,'Kylling'||chr(10)||'Skinke'||chr(10)||'Kalkun og bacon');
end;
/
-- Slagterens ostemadder
Insert into STLUNCH_SUPPLIER_MENUS (SUPPLIER_MENU_ID,SUPPLIER_ID,CATEGORY_ID,DESCRIPTION,PRICE,MENU_NAME) values (stlunch_seq.nextval,10,6,null,25,'Brie på franskbrød');
Insert into STLUNCH_SUPPLIER_MENUS (SUPPLIER_MENU_ID,SUPPLIER_ID,CATEGORY_ID,DESCRIPTION,PRICE,MENU_NAME) values (stlunch_seq.nextval,10,6,null,25,'Danablue på franskbrød');
Insert into STLUNCH_SUPPLIER_MENUS (SUPPLIER_MENU_ID,SUPPLIER_ID,CATEGORY_ID,DESCRIPTION,PRICE,MENU_NAME) values (stlunch_seq.nextval,10,6,null,25,'Gorgonzola på franskbrød');
Insert into STLUNCH_SUPPLIER_MENUS (SUPPLIER_MENU_ID,SUPPLIER_ID,CATEGORY_ID,DESCRIPTION,PRICE,MENU_NAME) values (stlunch_seq.nextval,10,6,null,25,'Mild ost på franskbrød');
Insert into STLUNCH_SUPPLIER_MENUS (SUPPLIER_MENU_ID,SUPPLIER_ID,CATEGORY_ID,DESCRIPTION,PRICE,MENU_NAME) values (stlunch_seq.nextval,10,6,null,13,'Ost på rugbrød');
Insert into STLUNCH_SUPPLIER_MENUS (SUPPLIER_MENU_ID,SUPPLIER_ID,CATEGORY_ID,DESCRIPTION,PRICE,MENU_NAME) values (stlunch_seq.nextval,10,6,null,25,'Stærk ost på franskbrød');

-- Coffee and Sandwich
Insert into STLUNCH_SUPPLIER_MENUS (SUPPLIER_MENU_ID,SUPPLIER_ID,CATEGORY_ID,DESCRIPTION,PRICE,MENU_NAME) values (stlunch_seq.nextval,11,4,'Grov brød med mayonnaise, avocado, æg, fint hakket salat løg, salt og peber',49,'Manhattan Lady');
Insert into STLUNCH_SUPPLIER_MENUS (SUPPLIER_MENU_ID,SUPPLIER_ID,CATEGORY_ID,DESCRIPTION,PRICE,MENU_NAME) values (stlunch_seq.nextval,11,4,'Mørkt brød, mozzarella, frisk basilikum, parmaskinke, rucolla og hjemmelavet pesto.',49,'Italiano');
Insert into STLUNCH_SUPPLIER_MENUS (SUPPLIER_MENU_ID,SUPPLIER_ID,CATEGORY_ID,DESCRIPTION,PRICE,MENU_NAME) values (stlunch_seq.nextval,11,4,'Mørkt brød, chorizopølse, rucola, løg, semidried tomater, oliven, urtedressing',49,'Chorizo');
Insert into STLUNCH_SUPPLIER_MENUS (SUPPLIER_MENU_ID,SUPPLIER_ID,CATEGORY_ID,DESCRIPTION,PRICE,MENU_NAME) values (stlunch_seq.nextval,11,4,'Marineret kyllingebryst, sprød bacon og hjemmelavet karrydressing',49,'Clubsandwich');
Insert into STLUNCH_SUPPLIER_MENUS (SUPPLIER_MENU_ID,SUPPLIER_ID,CATEGORY_ID,DESCRIPTION,PRICE,MENU_NAME) values (stlunch_seq.nextval,11,4,'Røget laks, urte Philadelphia ost, rødløg og dilddressing',49,'Røget laks');
Insert into STLUNCH_SUPPLIER_MENUS (SUPPLIER_MENU_ID,SUPPLIER_ID,CATEGORY_ID,DESCRIPTION,PRICE,MENU_NAME) values (stlunch_seq.nextval,11,4,'Parmaskinke, urte Philadelphia ost, hjemmelavet basilikum og hjemmelavet pesto',49,'Parmaskinke');
Insert into STLUNCH_SUPPLIER_MENUS (SUPPLIER_MENU_ID,SUPPLIER_ID,CATEGORY_ID,DESCRIPTION,PRICE,MENU_NAME) values (stlunch_seq.nextval,11,4,'Kyllingebryst, salatmix, majs, avocadomos og sød chili dressing',49,'Chilli’s');
Insert into STLUNCH_SUPPLIER_MENUS (SUPPLIER_MENU_ID,SUPPLIER_ID,CATEGORY_ID,DESCRIPTION,PRICE,MENU_NAME) values (stlunch_seq.nextval,11,4,'Hjemmelavet tunmousse, semidried tomater, jalapenos, rødløg, rucola, frisk basilikum og creme fraiche',49,'Tunmousse');
Insert into STLUNCH_SUPPLIER_MENUS (SUPPLIER_MENU_ID,SUPPLIER_ID,CATEGORY_ID,DESCRIPTION,PRICE,MENU_NAME) values (stlunch_seq.nextval,11,4,'Kyllingebryst, hummus, semidried tomater, pesto, jalapenos oliven og mozzarellaost',49,'Hummus');
Insert into STLUNCH_SUPPLIER_MENUS (SUPPLIER_MENU_ID,SUPPLIER_ID,CATEGORY_ID,DESCRIPTION,PRICE,MENU_NAME) values (stlunch_seq.nextval,11,4,'Æg, bacon, rødløg, hjemmelavet basilikum og creme fraiche',49,'Æg og bacon');
Insert into STLUNCH_SUPPLIER_MENUS (SUPPLIER_MENU_ID,SUPPLIER_ID,CATEGORY_ID,DESCRIPTION,PRICE,MENU_NAME) values (stlunch_seq.nextval,11,4,'Hjemmelavede okse kød frikadeller, løg og tzatziki',49,'Frikadeller');
Insert into STLUNCH_SUPPLIER_MENUS (SUPPLIER_MENU_ID,SUPPLIER_ID,CATEGORY_ID,DESCRIPTION,PRICE,MENU_NAME) values (stlunch_seq.nextval,11,4,'Mozzarellaost, jalapenos, semidried tomater, rødløg og pesto',49,'Vegetar');
Insert into STLUNCH_SUPPLIER_MENUS (SUPPLIER_MENU_ID,SUPPLIER_ID,CATEGORY_ID,DESCRIPTION,PRICE,MENU_NAME) values (stlunch_seq.nextval,11,4,'Salat, tomater, agurk, rødløg & creme fraiche',49,'Kebab sandwich');
declare
    l_id stlunch_supplier_menus.supplier_menu_id%type;
begin 
    Insert into STLUNCH_SUPPLIER_MENUS (SUPPLIER_MENU_ID,SUPPLIER_ID,CATEGORY_ID,DESCRIPTION,PRICE,MENU_NAME) values (stlunch_seq.nextval,11,2,null,35,'Mix&Match') RETURNING SUPPLIER_MENU_ID INTO l_id;
    Insert into STLUNCH_MENU_OPTIONS (MENU_OPTION_ID,SUPPLIER_MENU_ID,DESCRIPTION,MANDATORY_YN,MULTIPLE_YN,ADDITIONAL_PRICE,SELECTABLES) values (stlunch_seq.nextval,l_id,'Salat','N','N',null,'Broccolisalat'||chr(10)||'Couscous'||chr(10)||'Kikærter'||chr(10)||'Rødbets'||chr(10)||'Coleslaw'||chr(10)||'Kartoffel'||chr(10)||'Pasta'||chr(10)||'Hummus'||chr(10)||'Revet gulerødder'||chr(10)||'Tomater'||chr(10)||'Agurker'||chr(10)||'Feta'||chr(10)||'Peberfrugt'||chr(10)||'Icebergsalat'||chr(10)||'Ruccola salat');
    Insert into STLUNCH_MENU_OPTIONS (MENU_OPTION_ID,SUPPLIER_MENU_ID,DESCRIPTION,MANDATORY_YN,MULTIPLE_YN,ADDITIONAL_PRICE,SELECTABLES) values (stlunch_seq.nextval,l_id,'Dressing','N','N',null,'Karry'||chr(10)||'Creme Fraiche'||chr(10)||'Chili Mayo'||chr(10)||'Grøn Pesto'||chr(10)||'Sød Chili'||chr(10)||'Tzaziki'||chr(10)||'Humus'||chr(10)||'Chili');
    Insert into STLUNCH_MENU_OPTIONS (MENU_OPTION_ID,SUPPLIER_MENU_ID,DESCRIPTION,MANDATORY_YN,MULTIPLE_YN,ADDITIONAL_PRICE,SELECTABLES) values (stlunch_seq.nextval,l_id,'Kød','N','N',null,'Kylling');
    Insert into STLUNCH_MENU_OPTIONS (MENU_OPTION_ID,SUPPLIER_MENU_ID,DESCRIPTION,MANDATORY_YN,MULTIPLE_YN,ADDITIONAL_PRICE,SELECTABLES) values (stlunch_seq.nextval,l_id,'Brød','N','N',8,'Ja');
end;
/

-- Bagel shoppen
declare
    l_id stlunch_supplier_menus.supplier_menu_id%type;
begin 
    -- Lille salat
    Insert into STLUNCH_SUPPLIER_MENUS (SUPPLIER_MENU_ID,SUPPLIER_ID,CATEGORY_ID,DESCRIPTION,PRICE,MENU_NAME) values (stlunch_seq.nextval,12,2,null,30,'Lille salat') RETURNING SUPPLIER_MENU_ID INTO l_id;
    Insert into STLUNCH_MENU_OPTIONS (MENU_OPTION_ID,SUPPLIER_MENU_ID,DESCRIPTION,MANDATORY_YN,MULTIPLE_YN,ADDITIONAL_PRICE,SELECTABLES) values (stlunch_seq.nextval,l_id,'Dressing','N','N',null,'Yoghurt'||chr(10)||'Karry'||chr(10)||'Creme fraiche'||chr(10)||'Thousand Island'||chr(10)||'Fransk sennep'||chr(10)||'Hvidløg'||chr(10)||'Pesto'||chr(10)||'Chili'||chr(10)||'Sød Chili');
    Insert into STLUNCH_MENU_OPTIONS (MENU_OPTION_ID,SUPPLIER_MENU_ID,DESCRIPTION,MANDATORY_YN,MULTIPLE_YN,ADDITIONAL_PRICE,SELECTABLES) values (stlunch_seq.nextval,l_id,'Kød','N','N',null,'Kylling'||chr(10)||'Karry kylling'||chr(10)||'Tandori kylling'||chr(10)||'Tun'||chr(10)||'Kalkun'||chr(10)||'Roastbeef'||chr(10)||'Æggesalat'||chr(10)||'Krabbesalat');
    Insert into STLUNCH_MENU_OPTIONS (MENU_OPTION_ID,SUPPLIER_MENU_ID,DESCRIPTION,MANDATORY_YN,MULTIPLE_YN,ADDITIONAL_PRICE,SELECTABLES) values (stlunch_seq.nextval,l_id,'Fyld','N','N',null,'Pasta'||chr(10)||'Tomat'||chr(10)||'Bønnespirer'||chr(10)||'Gulerod'||chr(10)||'Soltørrede tomater'||chr(10)||'Rød peber'||chr(10)||'Majs'||chr(10)||'Oliven'||chr(10)||'Jalapenos'||chr(10)||'Feta'||chr(10)||'Iceberg'||chr(10)||'Rucola salat'||chr(10)||'Agurk'||chr(10)||'Krøl salat');
    Insert into STLUNCH_MENU_OPTIONS (MENU_OPTION_ID,SUPPLIER_MENU_ID,DESCRIPTION,MANDATORY_YN,MULTIPLE_YN,ADDITIONAL_PRICE,SELECTABLES) values (stlunch_seq.nextval,l_id,'Nødder','N','N',5,'Ja');
    -- Stor salat
    Insert into STLUNCH_SUPPLIER_MENUS (SUPPLIER_MENU_ID,SUPPLIER_ID,CATEGORY_ID,DESCRIPTION,PRICE,MENU_NAME) values (stlunch_seq.nextval,12,2,null,40,'Stor salat') RETURNING SUPPLIER_MENU_ID INTO l_id;
    Insert into STLUNCH_MENU_OPTIONS (MENU_OPTION_ID,SUPPLIER_MENU_ID,DESCRIPTION,MANDATORY_YN,MULTIPLE_YN,ADDITIONAL_PRICE,SELECTABLES) values (stlunch_seq.nextval,l_id,'Dressing','N','N',null,'Yoghurt'||chr(10)||'Karry'||chr(10)||'Creme fraiche'||chr(10)||'Thousand Island'||chr(10)||'Fransk sennep'||chr(10)||'Hvidløg'||chr(10)||'Pesto'||chr(10)||'Chili'||chr(10)||'Sød Chili');
    Insert into STLUNCH_MENU_OPTIONS (MENU_OPTION_ID,SUPPLIER_MENU_ID,DESCRIPTION,MANDATORY_YN,MULTIPLE_YN,ADDITIONAL_PRICE,SELECTABLES) values (stlunch_seq.nextval,l_id,'Kød','N','N',null,'Kylling'||chr(10)||'Karry kylling'||chr(10)||'Tandori kylling'||chr(10)||'Tun'||chr(10)||'Kalkun'||chr(10)||'Roastbeef'||chr(10)||'Æggesalat'||chr(10)||'Krabbesalat');
    Insert into STLUNCH_MENU_OPTIONS (MENU_OPTION_ID,SUPPLIER_MENU_ID,DESCRIPTION,MANDATORY_YN,MULTIPLE_YN,ADDITIONAL_PRICE,SELECTABLES) values (stlunch_seq.nextval,l_id,'Fyld','N','N',null,'Pasta'||chr(10)||'Tomat'||chr(10)||'Bønnespirer'||chr(10)||'Gulerod'||chr(10)||'Soltørrede tomater'||chr(10)||'Rød peber'||chr(10)||'Majs'||chr(10)||'Oliven'||chr(10)||'Jalapenos'||chr(10)||'Feta'||chr(10)||'Iceberg'||chr(10)||'Rucola salat'||chr(10)||'Agurk'||chr(10)||'Krøl salat');
    Insert into STLUNCH_MENU_OPTIONS (MENU_OPTION_ID,SUPPLIER_MENU_ID,DESCRIPTION,MANDATORY_YN,MULTIPLE_YN,ADDITIONAL_PRICE,SELECTABLES) values (stlunch_seq.nextval,l_id,'Nødder','N','N',5,'Ja');
    -- Bagel
    Insert into STLUNCH_SUPPLIER_MENUS (SUPPLIER_MENU_ID,SUPPLIER_ID,CATEGORY_ID,DESCRIPTION,PRICE,MENU_NAME) values (stlunch_seq.nextval,12,3,null,45,'Bagel') RETURNING SUPPLIER_MENU_ID INTO l_id;
    Insert into STLUNCH_MENU_OPTIONS (MENU_OPTION_ID,SUPPLIER_MENU_ID,DESCRIPTION,MANDATORY_YN,MULTIPLE_YN,ADDITIONAL_PRICE,SELECTABLES) values (stlunch_seq.nextval,l_id,'Brød','Y','N',null,'Lyst brød med ost'||chr(10)||'Mørkt brød');
    Insert into STLUNCH_MENU_OPTIONS (MENU_OPTION_ID,SUPPLIER_MENU_ID,DESCRIPTION,MANDATORY_YN,MULTIPLE_YN,ADDITIONAL_PRICE,SELECTABLES) values (stlunch_seq.nextval,l_id,'Bund','N','N',null,'Miracle Whip'||chr(10)||'Chesse natural'||chr(10)||'Chesse urter'||chr(10)||'Hummus'||chr(10)||'Chesse Chili'||chr(10)||'Guacamole');
    Insert into STLUNCH_MENU_OPTIONS (MENU_OPTION_ID,SUPPLIER_MENU_ID,DESCRIPTION,MANDATORY_YN,MULTIPLE_YN,ADDITIONAL_PRICE,SELECTABLES) values (stlunch_seq.nextval,l_id,'Dressing','N','N',null,'Yoghurt'||chr(10)||'Karry'||chr(10)||'Creme fraiche'||chr(10)||'Thousand Island'||chr(10)||'Fransk sennep'||chr(10)||'Hvidløg'||chr(10)||'Pesto'||chr(10)||'Chili'||chr(10)||'Sød Chili');
    Insert into STLUNCH_MENU_OPTIONS (MENU_OPTION_ID,SUPPLIER_MENU_ID,DESCRIPTION,MANDATORY_YN,MULTIPLE_YN,ADDITIONAL_PRICE,SELECTABLES) values (stlunch_seq.nextval,l_id,'Kød','N','N',null,'Kylling'||chr(10)||'Karry kylling'||chr(10)||'Tandori kylling'||chr(10)||'Tun'||chr(10)||'Kalkun'||chr(10)||'Roastbeef'||chr(10)||'Æggesalat'||chr(10)||'Krabbesalat');
    Insert into STLUNCH_MENU_OPTIONS (MENU_OPTION_ID,SUPPLIER_MENU_ID,DESCRIPTION,MANDATORY_YN,MULTIPLE_YN,ADDITIONAL_PRICE,SELECTABLES) values (stlunch_seq.nextval,l_id,'Fyld','N','N',null,'Pasta'||chr(10)||'Tomat'||chr(10)||'Bønnespirer'||chr(10)||'Gulerod'||chr(10)||'Soltørrede tomater'||chr(10)||'Rød peber'||chr(10)||'Majs'||chr(10)||'Oliven'||chr(10)||'Jalapenos'||chr(10)||'Feta'||chr(10)||'Iceberg'||chr(10)||'Rucola salat'||chr(10)||'Agurk'||chr(10)||'Krøl salat');
    -- Sandwich
    Insert into STLUNCH_SUPPLIER_MENUS (SUPPLIER_MENU_ID,SUPPLIER_ID,CATEGORY_ID,DESCRIPTION,PRICE,MENU_NAME) values (stlunch_seq.nextval,12,4,null,40,'Sandwich') RETURNING SUPPLIER_MENU_ID INTO l_id;
    Insert into STLUNCH_MENU_OPTIONS (MENU_OPTION_ID,SUPPLIER_MENU_ID,DESCRIPTION,MANDATORY_YN,MULTIPLE_YN,ADDITIONAL_PRICE,SELECTABLES) values (stlunch_seq.nextval,l_id,'Brød','Y','N',null,'Lyst brød med ost'||chr(10)||'Mørkt brød');
    Insert into STLUNCH_MENU_OPTIONS (MENU_OPTION_ID,SUPPLIER_MENU_ID,DESCRIPTION,MANDATORY_YN,MULTIPLE_YN,ADDITIONAL_PRICE,SELECTABLES) values (stlunch_seq.nextval,l_id,'Bund','N','N',null,'Miracle Whip'||chr(10)||'Chesse natural'||chr(10)||'Chesse urter'||chr(10)||'Hummus'||chr(10)||'Chesse Chili'||chr(10)||'Guacamole');
    Insert into STLUNCH_MENU_OPTIONS (MENU_OPTION_ID,SUPPLIER_MENU_ID,DESCRIPTION,MANDATORY_YN,MULTIPLE_YN,ADDITIONAL_PRICE,SELECTABLES) values (stlunch_seq.nextval,l_id,'Dressing','N','N',null,'Yoghurt'||chr(10)||'Karry'||chr(10)||'Creme fraiche'||chr(10)||'Thousand Island'||chr(10)||'Fransk sennep'||chr(10)||'Hvidløg'||chr(10)||'Pesto'||chr(10)||'Chili'||chr(10)||'Sød Chili');
    Insert into STLUNCH_MENU_OPTIONS (MENU_OPTION_ID,SUPPLIER_MENU_ID,DESCRIPTION,MANDATORY_YN,MULTIPLE_YN,ADDITIONAL_PRICE,SELECTABLES) values (stlunch_seq.nextval,l_id,'Kød','N','N',null,'Kylling'||chr(10)||'Karry kylling'||chr(10)||'Tandori kylling'||chr(10)||'Tun'||chr(10)||'Kalkun'||chr(10)||'Roastbeef'||chr(10)||'Æggesalat'||chr(10)||'Krabbesalat');
    Insert into STLUNCH_MENU_OPTIONS (MENU_OPTION_ID,SUPPLIER_MENU_ID,DESCRIPTION,MANDATORY_YN,MULTIPLE_YN,ADDITIONAL_PRICE,SELECTABLES) values (stlunch_seq.nextval,l_id,'Fyld','N','N',null,'Pasta'||chr(10)||'Tomat'||chr(10)||'Bønnespirer'||chr(10)||'Gulerod'||chr(10)||'Soltørrede tomater'||chr(10)||'Rød peber'||chr(10)||'Majs'||chr(10)||'Oliven'||chr(10)||'Jalapenos'||chr(10)||'Feta'||chr(10)||'Iceberg'||chr(10)||'Rucola salat'||chr(10)||'Agurk'||chr(10)||'Krøl salat');
end;
/
commit;
